id,type,type-id,score,name,address,coordinates,area,life-span,disambiguation,aliases
f9a1fd95-4c6d-43a6-bb31-4ee8d5a44a8b,Studio,05fa6a09-ff92-3d34-bdbb-5141d3c24f38,100,Columbia (CBS) Studio ‘B’,"49 East 52nd Street, Manhattan, New York City","{'latitude': '40.759164', 'longitude': '-73.974123'}","{'id': '74e50e58-5deb-4b99-93a2-decbb365c07f', 'type': 'City', 'type-id': '6fd8f29a-3d0a-32fc-980d-ea697b69da78', 'name': 'New York', 'sort-name': 'New York', 'life-span': {'ended': None}}",{'ended': None},,
6ff650ca-94ed-4119-8123-b113f9cc9957,Studio,05fa6a09-ff92-3d34-bdbb-5141d3c24f38,100,Headroom Studios,"2026 E Hagert St, Philadelphia, PA 19125",,"{'id': '0eeb01c2-6e31-46ad-96b8-319749f731d2', 'type': 'City', 'type-id': '6fd8f29a-3d0a-32fc-980d-ea697b69da78', 'name': 'Philadelphia', 'sort-name': 'Philadelphia', 'life-span': {'ended': None}}","{'begin': '2008', 'ended': None}","studio, Philadelphia, PA",
d0000ec2-2343-415b-ba58-6c14d0b8007e,Venue,cd92781a-a73f-30e8-a430-55d7521338db,100,The Left Foot,"37 Throckmorton Street, Freehold, NJ, USA",,"{'id': '42f86940-0f68-4ce0-8876-d070d424d91c', 'type': 'Municipality', 'type-id': '17246454-5ac4-36a1-b81a-4753eb2dab20', 'name': 'Freehold Township', 'sort-name': 'Freehold Township', 'life-span': {'ended': None}}","{'begin': '1967-09-16', 'end': '1968-05', 'ended': True}",,"[{'sort-name': 'The Left Foot Teen Club', 'type-id': '0a438b9c-1850-32de-b4bb-7f58f5048ea3', 'name': 'The Left Foot Teen Club', 'locale': None, 'type': 'Search hint', 'primary': None, 'begin-date': None, 'end-date': None}]"
42e9fa7c-a981-44f9-943c-bf39a8c6ce8d,Venue,cd92781a-a73f-30e8-a430-55d7521338db,100,New Theatre Oxford,"George St, Oxford OX1 2AG","{'latitude': '51.753951', 'longitude': '-1.260011'}","{'id': '33587495-c775-4483-b819-931c4cf438cd', 'type': 'City', 'type-id': '6fd8f29a-3d0a-32fc-980d-ea697b69da78', 'name': 'Oxford', 'sort-name': 'Oxford', 'life-span': {'ended': None}}",{'ended': None},,
34e7351d-715d-4b20-a5d6-3c0bd717eb1d,Religious building,a120ca4a-69e9-3c0e-bc09-21cae26eb621,100,Santuario della Beata Vergine di Ariadello,,"{'latitude': '45.316087', 'longitude': '9.865165'}","{'id': '686e7b1e-613f-419c-bcc1-1e84df36586a', 'type': 'Municipality', 'type-id': '17246454-5ac4-36a1-b81a-4753eb2dab20', 'name': 'Soresina', 'sort-name': 'Soresina', 'life-span': {'ended': None}}","{'begin': '1666', 'ended': None}",,
0ad32768-514b-410f-9d5a-40ebb0c3373c,Studio,05fa6a09-ff92-3d34-bdbb-5141d3c24f38,100,ROKU-st,〒106-0032 東京都港区六本木 3-4-24 六本木足立ビルB1F,"{'latitude': '35.664122', 'longitude': '139.729426'}","{'id': 'd9fd27ac-b36f-492b-b598-039ee0dd08c1', 'type': 'District', 'type-id': '84039871-5e47-38ca-a66a-45e512c8290f', 'name': 'Roppongi', 'sort-name': 'Roppongi', 'life-span': {'ended': None}}",{'ended': None},,"[{'sort-name': 'Roku Studio', 'type-id': 'fb68f9a2-622c-319b-83b0-bbff4127cdc5', 'name': 'Roku Studio', 'locale': 'en', 'type': 'Place name', 'primary': None, 'begin-date': None, 'end-date': None}]"
0b050655-48da-4be7-b5de-7a3ee7370b9e,Venue,cd92781a-a73f-30e8-a430-55d7521338db,100,Rätschenmühle,"Schlachthausstraße 22, 73312 Geislingen/Steige","{'latitude': '48.627518', 'longitude': '9.825691'}","{'id': '4518c94c-b6ee-40d0-b4b6-fc27b06fa011', 'type': 'City', 'type-id': '6fd8f29a-3d0a-32fc-980d-ea697b69da78', 'name': 'Geislingen an der Steige', 'sort-name': 'Geislingen an der Steige', 'life-span': {'ended': None}}",{'ended': None},,
bec14a70-8391-4cfe-8307-dcf3b80dbf9e,Studio,05fa6a09-ff92-3d34-bdbb-5141d3c24f38,100,Grey Room,,,"{'id': '8a754a16-0027-3a29-b6d7-2b40ea0481ed', 'type': 'Country', 'type-id': '06dd0ae4-8c74-30bb-b43d-95dcedf961de', 'name': 'United Kingdom', 'sort-name': 'United Kingdom', 'life-span': {'ended': None}}",{'ended': None},,
28d600c4-4b10-4aaf-8d7b-55c7336e6e97,Studio,05fa6a09-ff92-3d34-bdbb-5141d3c24f38,100,OTB,,,,{'ended': None},,
f4030ef1-ecd4-49ab-986c-3bf32b1e87d6,Venue,cd92781a-a73f-30e8-a430-55d7521338db,100,System Soundbar,"117 Peter St, Toronto, ON M5V","{'latitude': '43.64817', 'longitude': '-79.393009'}","{'id': '74b24e62-d2fe-42d2-9d96-31f2da756c77', 'type': 'City', 'type-id': '6fd8f29a-3d0a-32fc-980d-ea697b69da78', 'name': 'Toronto', 'sort-name': 'Toronto', 'life-span': {'ended': None}}",{'ended': None},,
5437a64f-159e-43ba-a2c5-107609cfbb16,Venue,cd92781a-a73f-30e8-a430-55d7521338db,100,Symphony Center: Orchestra Hall,"220 S Michigan Ave, Chicago, IL 60604, United States","{'latitude': '41.879167', 'longitude': '-87.625'}","{'id': '29a709d8-0320-493e-8d0c-f2c386662b7f', 'type': 'City', 'type-id': '6fd8f29a-3d0a-32fc-980d-ea697b69da78', 'name': 'Chicago', 'sort-name': 'Chicago', 'life-span': {'ended': None}}","{'begin': '1904', 'ended': None}",,"[{'sort-name': 'Orchestra Hall', 'type-id': 'fb68f9a2-622c-319b-83b0-bbff4127cdc5', 'name': 'Orchestra Hall', 'locale': 'en', 'type': 'Place name', 'primary': None, 'begin-date': None, 'end-date': None}]"
449bf4e9-1ade-462f-b403-3d8218880984,Studio,05fa6a09-ff92-3d34-bdbb-5141d3c24f38,100,Quest Studios,"71 Windmill Road, Luton, LU1 3XL, UK",,"{'id': 'fce4afff-8d49-4f1f-977a-10edbe839331', 'type': 'Subdivision', 'type-id': 'fd3d44c5-80a1-3842-9745-2c4972d35afa', 'name': 'Luton', 'sort-name': 'Luton', 'life-span': {'ended': None}}",{'ended': True},,
ff7113a1-d749-466d-8302-8cfc4b0a3d10,Indoor arena,a77c11f6-82fa-3cc0-9041-ac60e5f6e024,100,Skonto Hall,,"{'latitude': '56.96194', 'longitude': '24.11444'}","{'id': '9c612199-d66f-4109-aedc-67ab26e0a43b', 'type': 'City', 'type-id': '6fd8f29a-3d0a-32fc-980d-ea697b69da78', 'name': 'Rīga', 'sort-name': 'Rīga', 'life-span': {'ended': None}}",{'ended': None},,"[{'sort-name': 'Skonto Hall', 'type-id': 'fb68f9a2-622c-319b-83b0-bbff4127cdc5', 'name': 'Skonto Hall', 'locale': 'en', 'type': 'Place name', 'primary': True, 'begin-date': None, 'end-date': None}]"
45c898f3-e793-453a-8322-d7f461d1c4d1,Other,a0df5ead-0bd6-33d8-8444-855a9f3e9970,100,Cook County Jail,"2700 South California Avenue, Chicago, IL 60608",,"{'id': '29a709d8-0320-493e-8d0c-f2c386662b7f', 'type': 'City', 'type-id': '6fd8f29a-3d0a-32fc-980d-ea697b69da78', 'name': 'Chicago', 'sort-name': 'Chicago', 'life-span': {'ended': None}}","{'begin': '1871', 'ended': None}",,
9d1f997b-24c1-42bd-a596-419f438bb127,Studio,05fa6a09-ff92-3d34-bdbb-5141d3c24f38,100,Wolfshead Studio,,,,{'ended': None},,
31962ed7-de17-4d43-800e-2f14d41fd45e,Studio,05fa6a09-ff92-3d34-bdbb-5141d3c24f38,100,Warm Butter Design,,,"{'id': '1f40c6e1-47ba-4e35-996f-fe6ee5840e62', 'type': 'City', 'type-id': '6fd8f29a-3d0a-32fc-980d-ea697b69da78', 'name': 'Los Angeles', 'sort-name': 'Los Angeles', 'life-span': {'ended': None}}","{'begin': '1998', 'ended': None}",art design studio,
5c2b97c4-e2a6-486a-aa1c-7e5bb72292cc,Religious building,a120ca4a-69e9-3c0e-bc09-21cae26eb621,100,St Giles' Cathedral,"High St, Edinburgh, Midlothian EH1 1RE, United Kingdom","{'latitude': '55.949444', 'longitude': '-3.190833'}","{'id': '6658f787-692d-417f-852c-dcca728d5849', 'type': 'City', 'type-id': '6fd8f29a-3d0a-32fc-980d-ea697b69da78', 'name': 'Edinburgh', 'sort-name': 'Edinburgh', 'life-span': {'ended': None}}",{'ended': None},,
eb1c665e-e6bf-4dbd-81f1-9c227d3ca990,Venue,cd92781a-a73f-30e8-a430-55d7521338db,100,Imac Theater,,,"{'id': 'c9c39cb4-c978-4a00-97ed-9f8831dab11d', 'type': 'Municipality', 'type-id': '17246454-5ac4-36a1-b81a-4753eb2dab20', 'name': 'Huntington', 'sort-name': 'Huntington', 'life-span': {'ended': None}}",{'ended': None},,
0ab6207f-7ea4-462f-80ea-2d775a7f47d5,Venue,cd92781a-a73f-30e8-a430-55d7521338db,100,O2 Academy Oxford,"190 Cowley Road, Oxford OX4 1UE","{'latitude': '51.746911', 'longitude': '-1.234472'}","{'id': '33587495-c775-4483-b819-931c4cf438cd', 'type': 'City', 'type-id': '6fd8f29a-3d0a-32fc-980d-ea697b69da78', 'name': 'Oxford', 'sort-name': 'Oxford', 'life-span': {'ended': None}}","{'begin': '1995', 'ended': None}",previously called The Zodiac,"[{'sort-name': 'Co-op Hall', 'type-id': 'fb68f9a2-622c-319b-83b0-bbff4127cdc5', 'name': 'Co-op Hall', 'locale': None, 'type': 'Place name', 'primary': None, 'begin-date': None, 'end-date': '1990-03'}, {'sort-name': 'Oxford Venue', 'type-id': 'fb68f9a2-622c-319b-83b0-bbff4127cdc5', 'name': 'Oxford Venue', 'locale': None, 'type': 'Place name', 'primary': None, 'begin-date': '1990-03', 'end-date': '1995-11'}, {'sort-name': 'Carling Academy Oxford', 'type-id': 'fb68f9a2-622c-319b-83b0-bbff4127cdc5', 'name': 'Carling Academy Oxford', 'locale': None, 'type': 'Place name', 'primary': None, 'begin-date': '2007', 'end-date': '2009-01-01'}, {'sort-name': 'Zodiac, The', 'type-id': 'fb68f9a2-622c-319b-83b0-bbff4127cdc5', 'name': 'The Zodiac', 'locale': None, 'type': 'Place name', 'primary': None, 'begin-date': '1995-11', 'end-date': '2007'}]"
d7ec3dfb-91dc-46be-a856-a9f3efe0e883,Venue,cd92781a-a73f-30e8-a430-55d7521338db,100,秦野市文化会館,,,"{'id': 'f53ffcbc-6369-4ae4-980c-4c99ab3d86ca', 'type': 'City', 'type-id': '6fd8f29a-3d0a-32fc-980d-ea697b69da78', 'name': 'Hadano', 'sort-name': 'Hadano', 'life-span': {'ended': None}}","{'begin': '1980-11-01', 'ended': None}",,
39bcc992-ffd6-47e5-a166-90e6ddaf5bbd,Studio,05fa6a09-ff92-3d34-bdbb-5141d3c24f38,100,Bare Kave Studios,,,,{'ended': None},,
3f742f67-c436-449a-8caa-3da41448c37c,Stadium,62664fbd-cd55-3b5f-a5ea-fb5d1bc0113c,100,Rose Bowl Stadium,"1001 Rose Bowl Drive, Pasadena, California 91103, USA","{'latitude': '34.160833', 'longitude': '-118.167778'}","{'id': '56e1c305-859d-4fbb-8a7c-6e45e1b8ebf1', 'type': 'City', 'type-id': '6fd8f29a-3d0a-32fc-980d-ea697b69da78', 'name': 'Pasadena', 'sort-name': 'Pasadena', 'life-span': {'ended': None}}","{'begin': '1922-10-28', 'ended': None}",,
c68bc0f3-6f61-4a0c-b6f3-24998a43709f,Studio,05fa6a09-ff92-3d34-bdbb-5141d3c24f38,100,Mediasound Studios,"311 West 57th Street, New York, NY 10019","{'latitude': '40.76713', 'longitude': '-73.98344'}","{'id': '74e50e58-5deb-4b99-93a2-decbb365c07f', 'type': 'City', 'type-id': '6fd8f29a-3d0a-32fc-980d-ea697b69da78', 'name': 'New York', 'sort-name': 'New York', 'life-span': {'ended': None}}","{'begin': '1969', 'ended': True}",,"[{'sort-name': 'Media Sound', 'type-id': '0a438b9c-1850-32de-b4bb-7f58f5048ea3', 'name': 'Media Sound', 'locale': None, 'type': 'Search hint', 'primary': None, 'begin-date': None, 'end-date': None}]"
aaae577e-5954-4d61-8367-4f49b368b6f5,Other,a0df5ead-0bd6-33d8-8444-855a9f3e9970,100,Teatro Comunale di Bologna,"Largo Respighi, 1, 40126 Bologna","{'latitude': '44.496334', 'longitude': '11.350465'}","{'id': 'f3045d73-6a82-43cd-934d-42e75a5f73f6', 'type': 'Municipality', 'type-id': '17246454-5ac4-36a1-b81a-4753eb2dab20', 'name': 'Bologna', 'sort-name': 'Bologna', 'life-span': {'ended': None}}",{'ended': None},,
82403c7e-9eb1-4aac-8928-c953066e4cf9,Other,a0df5ead-0bd6-33d8-8444-855a9f3e9970,100,Museumsplatz,"Museumsmeile, Friedrich-Ebert-Allee, 53113 Bonn","{'latitude': '50.714766', 'longitude': '7.121624'}","{'id': 'b86b7e97-c4e2-4ec2-942b-5a6cd8eea1da', 'type': 'City', 'type-id': '6fd8f29a-3d0a-32fc-980d-ea697b69da78', 'name': 'Bonn', 'sort-name': 'Bonn', 'life-span': {'ended': None}}","{'begin': '1997', 'end': '2012', 'ended': True}",,"[{'sort-name': 'Museumsplatz', 'type-id': 'fb68f9a2-622c-319b-83b0-bbff4127cdc5', 'name': 'Museumsplatz', 'locale': 'de', 'type': 'Place name', 'primary': True, 'begin-date': None, 'end-date': None}, {'sort-name': 'Museumsufer', 'type-id': '0a438b9c-1850-32de-b4bb-7f58f5048ea3', 'name': 'Museumsufer', 'locale': None, 'type': 'Search hint', 'primary': None, 'begin-date': None, 'end-date': None}]"
3ea1c353-8867-4142-887b-78cd1e9830ac,Venue,cd92781a-a73f-30e8-a430-55d7521338db,100,Espace Tonkin,1 rue Salvador Allende,"{'latitude': '45.775777', 'longitude': '4.863462'}","{'id': '5e2bc1ee-2dd7-47b3-a5eb-8293b134fb80', 'type': 'City', 'type-id': '6fd8f29a-3d0a-32fc-980d-ea697b69da78', 'name': 'Villeurbanne', 'sort-name': 'Villeurbanne', 'life-span': {'ended': None}}",{'ended': None},,
dadbc765-e266-4745-9e8c-b7ed60e554f9,Studio,05fa6a09-ff92-3d34-bdbb-5141d3c24f38,100,SWITCHBACK STUDIO,〒157-0061 東京都世田谷区北烏山8-3-16 太田倉庫2F奥,"{'latitude': '35.676278', 'longitude': '139.591871'}","{'id': '0e1913a7-6117-4ac1-86cb-defd69a2bd2b', 'type': 'District', 'type-id': '84039871-5e47-38ca-a66a-45e512c8290f', 'name': 'Kitakarasuyama', 'sort-name': 'Kitakarasuyama', 'life-span': {'ended': None}}","{'begin': '2004', 'ended': None}",,
b0f7909c-4d66-448d-a47f-388e1bff7a47,Studio,05fa6a09-ff92-3d34-bdbb-5141d3c24f38,100,Alpha Studio,,,,{'ended': None},,
8f516af4-8c48-4306-a3b1-b4d7e09a92bb,,,100,Nederlandse Hervormde Kerk,,,"{'id': '7c0d1012-2791-4fe3-b648-1e9d240c1690', 'type': 'City', 'type-id': '6fd8f29a-3d0a-32fc-980d-ea697b69da78', 'name': 'Oudkarspel', 'sort-name': 'Oudkarspel', 'life-span': {'ended': None}}",{'ended': None},,
7b84c56d-65aa-4bb1-990c-e6f977669a5b,Studio,05fa6a09-ff92-3d34-bdbb-5141d3c24f38,100,Salad Days Studio,,,"{'id': '2fb5445d-3987-49fe-957a-f730a7acc4a2', 'type': 'City', 'type-id': '6fd8f29a-3d0a-32fc-980d-ea697b69da78', 'name': 'Baltimore', 'sort-name': 'Baltimore', 'life-span': {'ended': None}}","{'begin': '1994', 'ended': None}",,
b9c825ca-260e-4e80-8649-94e3a519e851,Park,9c482e19-7975-4d38-bfca-ef00ba919c92,100,Hylands Park,London Road Chelmsford Essex CM2 8WQ,"{'latitude': '51.712299', 'longitude': '0.435505'}","{'id': '31c73193-85c6-4a15-ae27-61c173e30c81', 'type': 'City', 'type-id': '6fd8f29a-3d0a-32fc-980d-ea697b69da78', 'name': 'Chelmsford', 'sort-name': 'Chelmsford', 'life-span': {'ended': None}}",{'ended': None},,"[{'sort-name': 'V96 Festival Chelmsford', 'name': 'V96 Festival Chelmsford', 'locale': None, 'type': None, 'primary': None, 'begin-date': None, 'end-date': None}]"
e61f747d-1328-4b89-9925-2753b4541e22,Studio,05fa6a09-ff92-3d34-bdbb-5141d3c24f38,100,Erth Recording Studios,,,"{'id': '29a709d8-0320-493e-8d0c-f2c386662b7f', 'type': 'City', 'type-id': '6fd8f29a-3d0a-32fc-980d-ea697b69da78', 'name': 'Chicago', 'sort-name': 'Chicago', 'life-span': {'ended': None}}",{'ended': None},,
2ca08e2d-c869-4355-95bb-bf3131a54550,Stadium,62664fbd-cd55-3b5f-a5ea-fb5d1bc0113c,100,京セラドーム大阪,〒550-0023 大阪府大阪市西区千代崎3-中2-1,"{'latitude': '34.6693', 'longitude': '135.4761'}","{'id': '378d4b29-4729-4346-9b54-d955ebfe097a', 'type': 'District', 'type-id': '84039871-5e47-38ca-a66a-45e512c8290f', 'name': 'Chiyozaki', 'sort-name': 'Chiyozaki', 'life-span': {'ended': None}}","{'begin': '1997-03-01', 'ended': None}",,"[{'sort-name': 'Kyocera Dome Osaka', 'type-id': 'fb68f9a2-622c-319b-83b0-bbff4127cdc5', 'name': 'Kyocera Dome Osaka', 'locale': 'en', 'type': 'Place name', 'primary': True, 'begin-date': '2006-07-01', 'end-date': None}, {'sort-name': 'きょうセラドームおおさか', 'type-id': 'fb68f9a2-622c-319b-83b0-bbff4127cdc5', 'name': '京セラドーム大阪', 'locale': 'ja', 'type': 'Place name', 'primary': True, 'begin-date': '2006-07-01', 'end-date': None}, {'sort-name': 'Osaka Dome', 'type-id': 'fb68f9a2-622c-319b-83b0-bbff4127cdc5', 'name': 'Osaka Dome', 'locale': 'en', 'type': 'Place name', 'primary': None, 'begin-date': '1997-03-01', 'end-date': '2006-06-30'}, {'sort-name': 'おおさかドーム', 'type-id': 'fb68f9a2-622c-319b-83b0-bbff4127cdc5', 'name': '大阪ドーム', 'locale': 'ja', 'type': 'Place name', 'primary': None, 'begin-date': '1997-03-01', 'end-date': '2006-06-30'}]"
3172a3c6-3e99-4c04-958e-f1b21967bb8c,Studio,05fa6a09-ff92-3d34-bdbb-5141d3c24f38,100,Low Spirit Studios,"Low Spirit Recordings GmbH, Franklinstraße 14, D-10587 Berlin","{'latitude': '52.521483', 'longitude': '13.32822'}","{'id': 'c9ac1239-e832-41bc-9930-e252a1fd1105', 'type': 'City', 'type-id': '6fd8f29a-3d0a-32fc-980d-ea697b69da78', 'name': 'Berlin', 'sort-name': 'Berlin', 'life-span': {'ended': None}}",{'ended': None},,
3755c1ad-eadb-4f53-b9a9-392e9e47be8e,Studio,05fa6a09-ff92-3d34-bdbb-5141d3c24f38,100,Chicago Sound Factory,"5219 N. Clark St., Chicago, IL 60640","{'latitude': '41.976846', 'longitude': '-87.66824'}","{'id': '29a709d8-0320-493e-8d0c-f2c386662b7f', 'type': 'City', 'type-id': '6fd8f29a-3d0a-32fc-980d-ea697b69da78', 'name': 'Chicago', 'sort-name': 'Chicago', 'life-span': {'ended': None}}",{'ended': True},,
a0bf2ee6-18c7-4d10-b7db-779aa99227f5,Studio,05fa6a09-ff92-3d34-bdbb-5141d3c24f38,100,Small Fish Recordings,"6 Shipland Houses, Pluckley, Ashford, Kent TN27 0PA, United Kingdom","{'latitude': '51.176348', 'longitude': '0.754143'}","{'id': '24404231-7564-4b11-9168-95dd148049a7', 'type': 'Subdivision', 'type-id': 'fd3d44c5-80a1-3842-9745-2c4972d35afa', 'name': 'Kent', 'sort-name': 'Kent', 'life-span': {'ended': None}}",{'ended': None},,
e14a86ad-8593-4548-9754-d28c17e58b61,Other,a0df5ead-0bd6-33d8-8444-855a9f3e9970,100,Hale Mill,,"{'latitude': '51.436672', 'longitude': '-0.512032'}","{'id': '0de8eaa2-0636-4c0a-ac11-cba52027b7d4', 'type': 'City', 'type-id': '6fd8f29a-3d0a-32fc-980d-ea697b69da78', 'name': 'Staines-upon-Thames', 'sort-name': 'Staines-upon-Thames', 'life-span': {'ended': None}}",{'ended': None},,
11853b92-ef85-42c5-be70-1f450436d321,Studio,05fa6a09-ff92-3d34-bdbb-5141d3c24f38,100,die:mischbatterie,"Mitterfeldstraße 6, 83083 Riedering","{'latitude': '47.833884', 'longitude': '12.210126'}","{'id': '67544f6e-a94d-4555-8591-d1b176b6796e', 'type': 'Municipality', 'type-id': '17246454-5ac4-36a1-b81a-4753eb2dab20', 'name': 'Riedering', 'sort-name': 'Riedering', 'life-span': {'ended': None}}",{'ended': None},,
94e16ac5-97f5-4df5-a68c-643199f632b6,Studio,05fa6a09-ff92-3d34-bdbb-5141d3c24f38,100,Big Sound,,,"{'id': '71e43d18-c6f2-4c6f-8026-5f85af905bcd', 'type': 'City', 'type-id': '6fd8f29a-3d0a-32fc-980d-ea697b69da78', 'name': 'Portland', 'sort-name': 'Portland', 'life-span': {'ended': None}}",{'ended': None},,
39e8cd94-f136-43ce-8001-8625b4922b99,Studio,05fa6a09-ff92-3d34-bdbb-5141d3c24f38,100,WPIX Studios,,,"{'id': '74e50e58-5deb-4b99-93a2-decbb365c07f', 'type': 'City', 'type-id': '6fd8f29a-3d0a-32fc-980d-ea697b69da78', 'name': 'New York', 'sort-name': 'New York', 'life-span': {'ended': None}}","{'begin': '1948-06', 'ended': None}",,
e5cde56b-8cb1-4a25-9fd8-b90a8b6b2e7b,Studio,05fa6a09-ff92-3d34-bdbb-5141d3c24f38,100,"Armin Steiner's Sound Labs, Inc.",,,"{'id': '489ce91b-6658-3307-9877-795b68554c98', 'type': 'Country', 'type-id': '06dd0ae4-8c74-30bb-b43d-95dcedf961de', 'name': 'United States', 'sort-name': 'United States', 'life-span': {'ended': None}}",{'ended': None},,
88b4f126-aba3-4f25-81d3-b9250296f16c,Studio,05fa6a09-ff92-3d34-bdbb-5141d3c24f38,100,The Jacaranda Room,,,"{'id': '1f40c6e1-47ba-4e35-996f-fe6ee5840e62', 'type': 'City', 'type-id': '6fd8f29a-3d0a-32fc-980d-ea697b69da78', 'name': 'Los Angeles', 'sort-name': 'Los Angeles', 'life-span': {'ended': None}}",{'ended': None},Trevor Rabin's home studio,
28c263e0-f58a-42a0-a24c-6ee5209180e5,Studio,05fa6a09-ff92-3d34-bdbb-5141d3c24f38,100,STEIM,"Achtergracht 19, 1017 WL Amsterdam","{'latitude': '52.361492', 'longitude': '4.901442'}","{'id': 'e8e317a1-268c-4e46-9db1-f10af959ffca', 'type': 'City', 'type-id': '6fd8f29a-3d0a-32fc-980d-ea697b69da78', 'name': 'Amsterdam', 'sort-name': 'Amsterdam', 'life-span': {'ended': None}}","{'begin': '1969', 'ended': None}",,
dee0f3f1-7265-44b8-b4c5-32c3d096da1c,Studio,05fa6a09-ff92-3d34-bdbb-5141d3c24f38,100,Studio Drum,,,"{'id': '40d758a4-b7c2-40f3-b439-5efbd2a3b038', 'type': 'City', 'type-id': '6fd8f29a-3d0a-32fc-980d-ea697b69da78', 'name': 'Bristol', 'sort-name': 'Bristol', 'life-span': {'ended': None}}",{'ended': None},,
ca7c93a3-35ce-475c-aae8-4ee8069f84ad,Studio,05fa6a09-ff92-3d34-bdbb-5141d3c24f38,100,Nemo Studios,,,"{'id': '11a44e18-a2e5-43a9-bee9-aa4f7c83f967', 'type': 'City', 'type-id': '6fd8f29a-3d0a-32fc-980d-ea697b69da78', 'name': 'Hamburg', 'sort-name': 'Hamburg', 'life-span': {'ended': None}}",{'ended': None},Hamburg,"[{'sort-name': 'Nemo Studio', 'name': 'Nemo Studio', 'locale': None, 'type': None, 'primary': None, 'begin-date': None, 'end-date': None}]"
c1c393e3-1573-4d8e-a312-b7777e604b00,Studio,05fa6a09-ff92-3d34-bdbb-5141d3c24f38,100,Ocean Club Studio,,,"{'id': '1a08232b-07d9-489b-b1e6-46c5443f4d96', 'type': 'City', 'type-id': '6fd8f29a-3d0a-32fc-980d-ea697b69da78', 'name': 'Key Biscayne', 'sort-name': 'Key Biscayne', 'life-span': {'ended': None}}",{'ended': None},,
ffb91488-13c8-4243-b93d-1458b23bd136,Other,a0df5ead-0bd6-33d8-8444-855a9f3e9970,100,Sport Campus Lange Munte,Bad Godesberglaan 22,"{'latitude': '50.806694', 'longitude': '3.302046'}","{'id': '4420283f-e0d7-4388-9a70-ff2b27bb4792', 'type': 'City', 'type-id': '6fd8f29a-3d0a-32fc-980d-ea697b69da78', 'name': 'Kortrijk', 'sort-name': 'Kortrijk', 'life-span': {'ended': None}}",{'ended': None},,
4d0a4b7a-d13b-4edd-a9a6-8044204fe178,Venue,cd92781a-a73f-30e8-a430-55d7521338db,100,Akademie der Künste,Pariser Platz 4,"{'latitude': '52.515', 'longitude': '13.379444'}","{'id': 'c9ac1239-e832-41bc-9930-e252a1fd1105', 'type': 'City', 'type-id': '6fd8f29a-3d0a-32fc-980d-ea697b69da78', 'name': 'Berlin', 'sort-name': 'Berlin', 'life-span': {'ended': None}}",{'ended': None},Berlin,"[{'sort-name': 'Academy of Arts', 'name': 'Academy of Arts', 'locale': None, 'type': None, 'primary': None, 'begin-date': None, 'end-date': None}]"
284109bd-734e-4bc0-8dbd-2126a694651f,,,100,The Box,,,"{'id': 'e68879f9-bd95-41ff-96ba-c082ff37cc74', 'type': 'City', 'type-id': '6fd8f29a-3d0a-32fc-980d-ea697b69da78', 'name': 'Nashville', 'sort-name': 'Nashville', 'life-span': {'ended': None}}",{'ended': None},,
d28b611e-ba25-4d3a-a011-dc11a5e50b58,Studio,05fa6a09-ff92-3d34-bdbb-5141d3c24f38,100,The Stable,,,"{'id': '74e50e58-5deb-4b99-93a2-decbb365c07f', 'type': 'City', 'type-id': '6fd8f29a-3d0a-32fc-980d-ea697b69da78', 'name': 'New York', 'sort-name': 'New York', 'life-span': {'ended': None}}",{'ended': None},,
ef43049c-2400-4fda-af73-a2f5ccee1578,Studio,05fa6a09-ff92-3d34-bdbb-5141d3c24f38,100,P1 Studio,,,,{'ended': None},,
e8ef3970-3189-46bd-b9cc-51e693b91356,Studio,05fa6a09-ff92-3d34-bdbb-5141d3c24f38,100,Organic Control Centre,,,"{'id': 'f03d09b3-39dc-4083-afd6-159e3f0d462f', 'type': 'City', 'type-id': '6fd8f29a-3d0a-32fc-980d-ea697b69da78', 'name': 'London', 'sort-name': 'London', 'life-span': {'ended': None}}",{'ended': None},,
e68d98cd-e69d-4445-9992-54f1b9c9dd1f,Studio,05fa6a09-ff92-3d34-bdbb-5141d3c24f38,100,Kosmos Studios,,,"{'id': '40d758a4-b7c2-40f3-b439-5efbd2a3b038', 'type': 'City', 'type-id': '6fd8f29a-3d0a-32fc-980d-ea697b69da78', 'name': 'Bristol', 'sort-name': 'Bristol', 'life-span': {'ended': None}}",{'ended': None},,
c0b3bb35-03eb-4609-96dc-ea5fadbdd14c,,,100,Mistura Fina,,,"{'id': '9443d4f5-668c-4f30-96bd-6caf831de30f', 'type': 'City', 'type-id': '6fd8f29a-3d0a-32fc-980d-ea697b69da78', 'name': 'Rio de Janeiro', 'sort-name': 'Rio de Janeiro', 'life-span': {'ended': None}}",{'ended': None},,
66daff8e-3ce2-4faa-a1b8-cc1fe0ef885d,Religious building,a120ca4a-69e9-3c0e-bc09-21cae26eb621,100,Église Réformée d'Auteuil,"53 Rue Erlanger, 75016 Paris, France","{'latitude': '48.844609', 'longitude': '2.260256'}","{'id': 'dc10c22b-e510-4006-8b7f-fecb4f36436e', 'type': 'City', 'type-id': '6fd8f29a-3d0a-32fc-980d-ea697b69da78', 'name': 'Paris', 'sort-name': 'Paris', 'life-span': {'ended': None}}",{'ended': None},,
fa8abb2c-4ca0-4838-b374-9c3c88921c77,Concert hall / Theatre,e3e38e27-d866-4877-920d-916a124e7111,100,NHKホール,〒150-8001 東京都渋谷区神南2丁目2番1号,"{'latitude': '35.66635', 'longitude': '139.69738'}","{'id': 'b9e52f15-3d48-44ef-b59c-c147d826d49c', 'type': 'District', 'type-id': '84039871-5e47-38ca-a66a-45e512c8290f', 'name': 'Jinnan', 'sort-name': 'Jinnan', 'life-span': {'ended': None}}","{'begin': '1973-06-20', 'ended': None}",,"[{'sort-name': 'ＮＨＫホール', 'type-id': '0a438b9c-1850-32de-b4bb-7f58f5048ea3', 'name': 'ＮＨＫホール', 'locale': None, 'type': 'Search hint', 'primary': None, 'begin-date': None, 'end-date': None}, {'sort-name': 'NHK Hall', 'type-id': 'fb68f9a2-622c-319b-83b0-bbff4127cdc5', 'name': 'NHK Hall', 'locale': 'en', 'type': 'Place name', 'primary': True, 'begin-date': None, 'end-date': None}, {'sort-name': 'エヌエイチケイホール', 'type-id': 'fb68f9a2-622c-319b-83b0-bbff4127cdc5', 'name': 'NHKホール', 'locale': 'ja', 'type': 'Place name', 'primary': True, 'begin-date': None, 'end-date': None}]"
478c11fe-b441-4cb8-913e-c561dee7ce93,Studio,05fa6a09-ff92-3d34-bdbb-5141d3c24f38,100,Grindstone Studios,,,"{'id': '6e2d2d30-dbc9-4d27-99f7-df571dbd0646', 'type': 'Subdivision', 'type-id': 'fd3d44c5-80a1-3842-9745-2c4972d35afa', 'name': 'Suffolk', 'sort-name': 'Suffolk', 'life-span': {'ended': None}}",{'ended': None},,
0018316d-f644-4674-a83a-71cf61261b2d,Venue,cd92781a-a73f-30e8-a430-55d7521338db,100,Glen Echo Park,7300 MacArthur Blvd.,"{'latitude': '38.965945', 'longitude': '-77.138459'}","{'id': '68e9397b-950c-48ee-903a-537316e2ec15', 'type': 'City', 'type-id': '6fd8f29a-3d0a-32fc-980d-ea697b69da78', 'name': 'Glen Echo', 'sort-name': 'Glen Echo', 'life-span': {'ended': None}}","{'begin': '1891', 'ended': None}",,
1e5ec994-f29c-455f-8be8-a1295a7135de,Indoor arena,a77c11f6-82fa-3cc0-9041-ac60e5f6e024,100,さいたまスーパーアリーナ,〒330-0081 埼玉県さいたま市中央区新都心8,"{'latitude': '35.89489', 'longitude': '139.63083'}","{'id': '29e6da50-1ef6-49b6-ac52-b661094581e9', 'type': 'District', 'type-id': '84039871-5e47-38ca-a66a-45e512c8290f', 'name': 'Saitama New Urban Center', 'sort-name': 'Saitama New Urban Center', 'life-span': {'ended': None}}","{'begin': '2000-03', 'ended': None}",,"[{'sort-name': 'Saitama Super Arena', 'type-id': 'fb68f9a2-622c-319b-83b0-bbff4127cdc5', 'name': 'Saitama Super Arena', 'locale': 'en', 'type': 'Place name', 'primary': True, 'begin-date': None, 'end-date': None}, {'sort-name': 'さいたまスーパーアリーナ', 'type-id': 'fb68f9a2-622c-319b-83b0-bbff4127cdc5', 'name': 'さいたまスーパーアリーナ', 'locale': 'ja', 'type': 'Place name', 'primary': True, 'begin-date': None, 'end-date': None}]"
b373028b-0c65-4fc3-abe1-e46df937e758,Venue,cd92781a-a73f-30e8-a430-55d7521338db,100,The Barn,Cheshire,,"{'id': '9f83d920-5da2-4e23-8dd9-2c10a0fd7ec3', 'type': 'Subdivision', 'type-id': 'fd3d44c5-80a1-3842-9745-2c4972d35afa', 'name': 'Cheshire West and Chester', 'sort-name': 'Cheshire West and Chester', 'life-span': {'ended': None}}",{'ended': None},,
2c5f3ae7-d718-49f9-a0a2-f69ca962a18a,Studio,05fa6a09-ff92-3d34-bdbb-5141d3c24f38,100,On-One Studios,,,"{'id': '74e50e58-5deb-4b99-93a2-decbb365c07f', 'type': 'City', 'type-id': '6fd8f29a-3d0a-32fc-980d-ea697b69da78', 'name': 'New York', 'sort-name': 'New York', 'life-span': {'ended': None}}",{'ended': None},,
b40a4f68-5d3f-4b0b-a1fa-bae563079ba2,Concert hall / Theatre,e3e38e27-d866-4877-920d-916a124e7111,100,Tartu Ülikooli aula,"Ülikooli 18, 51005","{'latitude': '58.38112', 'longitude': '26.720335'}","{'id': 'c38d8161-bec9-4f25-9846-9fe262f864cf', 'type': 'City', 'type-id': '6fd8f29a-3d0a-32fc-980d-ea697b69da78', 'name': 'Tartu', 'sort-name': 'Tartu', 'life-span': {'ended': None}}",{'ended': None},,
9a75d0a6-1ce4-4046-9c70-6efa96b99b30,Studio,05fa6a09-ff92-3d34-bdbb-5141d3c24f38,100,Getto House Studio,,,"{'id': '29a709d8-0320-493e-8d0c-f2c386662b7f', 'type': 'City', 'type-id': '6fd8f29a-3d0a-32fc-980d-ea697b69da78', 'name': 'Chicago', 'sort-name': 'Chicago', 'life-span': {'ended': None}}",{'ended': None},,
9442b1ce-3fe3-445d-bb3d-8ced18ec20eb,Studio,05fa6a09-ff92-3d34-bdbb-5141d3c24f38,100,Yakuda Audio,,,"{'id': 'ff57ab21-19bc-48c9-8400-0c16d2eea3b6', 'type': 'City', 'type-id': '6fd8f29a-3d0a-32fc-980d-ea697b69da78', 'name': 'Verneuil-sur-Seine', 'sort-name': 'Verneuil-sur-Seine', 'life-span': {'ended': None}}",{'ended': None},audio processing for radio and television,
e7710ecf-b548-49c7-8b8b-4912919f3ae1,Indoor arena,a77c11f6-82fa-3cc0-9041-ac60e5f6e024,100,Sydney Entertainment Centre,"35 Harbour Street, Sydney, New South Wales","{'latitude': '-33.87821', 'longitude': '151.203268'}","{'id': '3f179da4-83c6-4a28-a627-e46b4a8ff1ed', 'type': 'City', 'type-id': '6fd8f29a-3d0a-32fc-980d-ea697b69da78', 'name': 'Sydney', 'sort-name': 'Sydney', 'life-span': {'ended': None}}","{'begin': '1983-05-01', 'end': '2015-12-20', 'ended': True}",,"[{'sort-name': 'Sydney Entertainment Centre', 'type-id': 'fb68f9a2-622c-319b-83b0-bbff4127cdc5', 'name': 'Sydney Entertainment Centre', 'locale': 'en', 'type': 'Place name', 'primary': None, 'begin-date': None, 'end-date': '2014-01-20'}, {'sort-name': 'Qantas Credit Union Arena', 'type-id': 'fb68f9a2-622c-319b-83b0-bbff4127cdc5', 'name': 'Qantas Credit Union Arena', 'locale': 'en', 'type': 'Place name', 'primary': True, 'begin-date': '2014-01-20', 'end-date': None}]"
8846d4c1-b5d5-4827-ac70-e9a355648a1f,Studio,05fa6a09-ff92-3d34-bdbb-5141d3c24f38,100,Novasonic Studio,"Carl-Zeiss-Straße 31, 72770 Reutlingen, Germany",,"{'id': '1a49363b-ee81-4d1b-ad9b-d3a93ca8c7a3', 'type': 'City', 'type-id': '6fd8f29a-3d0a-32fc-980d-ea697b69da78', 'name': 'Reutlingen', 'sort-name': 'Reutlingen', 'life-span': {'ended': None}}",{'ended': None},,
1db907f6-7904-4f34-9fd4-6c36c422f706,Studio,05fa6a09-ff92-3d34-bdbb-5141d3c24f38,100,Little Big Room Studios,,,"{'id': 'd09d33d6-4837-4897-ac9a-6ab459c1856a', 'type': 'Municipality', 'type-id': '17246454-5ac4-36a1-b81a-4753eb2dab20', 'name': 'Haninge municipality', 'sort-name': 'Haninge municipality', 'life-span': {'ended': None}}",{'ended': None},,
d514ab47-2dae-432e-8712-01d14f47ecca,Studio,05fa6a09-ff92-3d34-bdbb-5141d3c24f38,100,The Torture Chamber,,,,{'ended': None},,
750b0424-7feb-4ff0-b68c-b12e3f4b31e4,Venue,cd92781a-a73f-30e8-a430-55d7521338db,100,The Lowry,"Pier 8, Salford Quays, M50 3AZ","{'latitude': '53.470832', 'longitude': '-2.295212'}","{'id': 'f61848ab-0ba0-4534-8b71-d9c7c03e854c', 'type': 'City', 'type-id': '6fd8f29a-3d0a-32fc-980d-ea697b69da78', 'name': 'Salford', 'sort-name': 'Salford', 'life-span': {'ended': None}}","{'begin': '2000-10-12', 'ended': None}",,
6f1e52af-5f6d-487c-ac06-b1be32c9a8c9,Educational institution,882d46c9-625c-4061-891c-22dd412744db,100,Schola Cantorum de Paris,"269 rue Saint-Jacques, 75005 Paris","{'latitude': '48.841667', 'longitude': '2.341389'}","{'id': 'dc10c22b-e510-4006-8b7f-fecb4f36436e', 'type': 'City', 'type-id': '6fd8f29a-3d0a-32fc-980d-ea697b69da78', 'name': 'Paris', 'sort-name': 'Paris', 'life-span': {'ended': None}}","{'begin': '1900-11-02', 'ended': None}",,
a01df26a-2df0-4737-a3ac-eb68ad06ad58,Venue,cd92781a-a73f-30e8-a430-55d7521338db,100,Det Andre Teatret,"Ivan Bjørndalsgate 9, 0472","{'latitude': '59.938613', 'longitude': '10.765517'}","{'id': 'f80d529e-f242-46ef-a090-d193ed23075f', 'type': 'City', 'type-id': '6fd8f29a-3d0a-32fc-980d-ea697b69da78', 'name': 'Oslo', 'sort-name': 'Oslo', 'life-span': {'begin': '1925-01-01', 'ended': None}}","{'begin': '2011', 'ended': None}",,
1aa38521-2aa9-4630-a14f-e5113887a356,Venue,cd92781a-a73f-30e8-a430-55d7521338db,100,Tjili Pop,"Rantzausgade 28, 2200 København","{'latitude': '55.686349', 'longitude': '12.550143'}","{'id': 'e0e3c82a-aea8-48d3-beda-9e587db0b969', 'type': 'City', 'type-id': '6fd8f29a-3d0a-32fc-980d-ea697b69da78', 'name': 'Copenhagen', 'sort-name': 'Copenhagen', 'life-span': {'ended': None}}",{'ended': None},,
a4dfaac6-4bb5-4a6f-ab3a-21068f3a4514,Venue,cd92781a-a73f-30e8-a430-55d7521338db,100,京都劇場,,"{'latitude': '34.985925', 'longitude': '135.760164'}","{'id': '51dc37b5-ea3e-4960-9b3c-e5c368389b86', 'type': 'City', 'type-id': '6fd8f29a-3d0a-32fc-980d-ea697b69da78', 'name': 'Kyoto', 'sort-name': 'Kyoto', 'life-span': {'ended': None}}",{'ended': None},Kyoto-Gekijo,"[{'sort-name': 'Kyoto Gekijo', 'type-id': '0a438b9c-1850-32de-b4bb-7f58f5048ea3', 'name': 'Kyoto Gekijo', 'locale': None, 'type': 'Search hint', 'primary': None, 'begin-date': None, 'end-date': None}]"
eedcd42a-c06f-4106-a79f-291774b76b3e,Studio,05fa6a09-ff92-3d34-bdbb-5141d3c24f38,100,The Motor Museum,"1 Hesketh Street, Aigburth, Liverpool, L17 8XJ","{'latitude': '53.3809', 'longitude': '-2.9454'}","{'id': 'c249c30e-88ab-4b2f-a745-96a25bd7afee', 'type': 'City', 'type-id': '6fd8f29a-3d0a-32fc-980d-ea697b69da78', 'name': 'Liverpool', 'sort-name': 'Liverpool', 'life-span': {'ended': None}}",{'ended': None},,"[{'sort-name': 'Engine Room, The', 'type-id': 'fb68f9a2-622c-319b-83b0-bbff4127cdc5', 'name': 'The Engine Room', 'locale': None, 'type': 'Place name', 'primary': None, 'begin-date': None, 'end-date': None}]"
7c01633c-a21e-413f-80f3-7bcd2627bb50,,,100,東京都立産業貿易センター,,,"{'id': '8dc97297-ac95-4d33-82bc-e07fab26fb5f', 'type': 'Subdivision', 'type-id': 'fd3d44c5-80a1-3842-9745-2c4972d35afa', 'name': 'Tokyo', 'sort-name': 'Tokyo', 'life-span': {'ended': None}}",{'ended': None},,"[{'sort-name': '都産貿', 'type-id': '0a438b9c-1850-32de-b4bb-7f58f5048ea3', 'name': '都産貿', 'locale': None, 'type': 'Search hint', 'primary': None, 'begin-date': None, 'end-date': None}, {'sort-name': '都立貿易センター', 'type-id': '0a438b9c-1850-32de-b4bb-7f58f5048ea3', 'name': '都立貿易センター', 'locale': None, 'type': 'Search hint', 'primary': None, 'begin-date': None, 'end-date': None}, {'sort-name': 'Tokyo Metropolitan Industrial Trade Center', 'type-id': 'fb68f9a2-622c-319b-83b0-bbff4127cdc5', 'name': 'Tokyo Metropolitan Industrial Trade Center', 'locale': 'en', 'type': 'Place name', 'primary': True, 'begin-date': None, 'end-date': None}, {'sort-name': 'とうきょうとりつさんぎょうぼうえきせんたー', 'type-id': 'fb68f9a2-622c-319b-83b0-bbff4127cdc5', 'name': '東京都立産業貿易センター', 'locale': 'ja', 'type': 'Place name', 'primary': True, 'begin-date': None, 'end-date': None}]"
dd951fd7-18f3-41cd-a83b-33977ac83abd,Studio,05fa6a09-ff92-3d34-bdbb-5141d3c24f38,100,Apollo Studio,,,"{'id': 'c9ac1239-e832-41bc-9930-e252a1fd1105', 'type': 'City', 'type-id': '6fd8f29a-3d0a-32fc-980d-ea697b69da78', 'name': 'Berlin', 'sort-name': 'Berlin', 'life-span': {'ended': None}}",{'ended': None},,
2d10278c-8245-470f-b398-dceb7a0558d9,Studio,05fa6a09-ff92-3d34-bdbb-5141d3c24f38,100,Sync Sound,,,"{'id': '74e50e58-5deb-4b99-93a2-decbb365c07f', 'type': 'City', 'type-id': '6fd8f29a-3d0a-32fc-980d-ea697b69da78', 'name': 'New York', 'sort-name': 'New York', 'life-span': {'ended': None}}",{'ended': None},,
4f0bf52c-468e-4165-940d-79368d8fc791,Venue,cd92781a-a73f-30e8-a430-55d7521338db,100,Rainbow Music Hall,"6360 E Evans Ave, Denver, CO 80222","{'latitude': '39.678072', 'longitude': '-104.915979'}","{'id': 'fc1aee9a-f1a8-45dc-8820-af6b5d7f7450', 'type': 'City', 'type-id': '6fd8f29a-3d0a-32fc-980d-ea697b69da78', 'name': 'Denver', 'sort-name': 'Denver', 'life-span': {'ended': None}}","{'begin': '1979-01-26', 'end': '1989', 'ended': True}",,
29621ec9-667f-4521-b0bd-dbc24f8efab1,Studio,05fa6a09-ff92-3d34-bdbb-5141d3c24f38,100,Berry Street Studio,,,"{'id': 'e3b25e1c-0adf-4773-820e-533b4f245d01', 'type': 'Subdivision', 'type-id': 'fd3d44c5-80a1-3842-9745-2c4972d35afa', 'name': 'Islington', 'sort-name': 'Islington', 'life-span': {'ended': None}}","{'begin': '1970', 'ended': None}",,"[{'sort-name': 'Berry St. Studio', 'name': 'Berry St. Studio', 'locale': None, 'type': None, 'primary': None, 'begin-date': None, 'end-date': None}, {'sort-name': 'Berry Street Studios', 'name': 'Berry Street Studios', 'locale': None, 'type': None, 'primary': None, 'begin-date': None, 'end-date': None}, {'sort-name': 'Berry St. Studios', 'name': 'Berry St. Studios', 'locale': None, 'type': None, 'primary': None, 'begin-date': None, 'end-date': None}]"
fe5a39f5-3b70-41bc-81db-f9cfa040a2e7,Other,a0df5ead-0bd6-33d8-8444-855a9f3e9970,100,Keila noortekeskus,"Paldiski maantee 28f, 76606","{'latitude': '59.312986', 'longitude': '24.416306'}","{'id': '093315f1-2845-44f7-b8f9-16bdce6c82f1', 'type': 'City', 'type-id': '6fd8f29a-3d0a-32fc-980d-ea697b69da78', 'name': 'Keila', 'sort-name': 'Keila', 'life-span': {'ended': None}}",{'ended': None},,
349430fa-909c-45b2-b891-a8668c5fa30a,Venue,cd92781a-a73f-30e8-a430-55d7521338db,100,Roseland Ballroom,"1658 Broadway, New York, NY 10019","{'latitude': '40.762158', 'longitude': '-73.983312'}","{'id': '8e9ea1bf-6559-4a58-b0a4-6d904febb30e', 'type': 'District', 'type-id': '84039871-5e47-38ca-a66a-45e512c8290f', 'name': 'Theater District', 'sort-name': 'Theater District', 'life-span': {'ended': None}}","{'begin': '1919', 'end': '1956', 'ended': True}","2nd location, 1919–1956","[{'sort-name': 'Roseland Dance City', 'type-id': 'fb68f9a2-622c-319b-83b0-bbff4127cdc5', 'name': 'Roseland Dance City', 'locale': None, 'type': 'Place name', 'primary': None, 'begin-date': None, 'end-date': None}]"
125b77b6-6b55-44de-86b2-5b0a5d2999fa,Studio,05fa6a09-ff92-3d34-bdbb-5141d3c24f38,100,Herrensitz-Studio Berlin,,,"{'id': 'c9ac1239-e832-41bc-9930-e252a1fd1105', 'type': 'City', 'type-id': '6fd8f29a-3d0a-32fc-980d-ea697b69da78', 'name': 'Berlin', 'sort-name': 'Berlin', 'life-span': {'ended': None}}",{'ended': None},,
f9b70129-31e4-4464-a31c-108a2990683c,Other,a0df5ead-0bd6-33d8-8444-855a9f3e9970,100,Memorial Union,"800 Langdon Street, Madison, WI","{'latitude': '43.07631', 'longitude': '-89.39989'}","{'id': '188ae04a-63e2-423a-bc3d-f725f1214a69', 'type': 'City', 'type-id': '6fd8f29a-3d0a-32fc-980d-ea697b69da78', 'name': 'Madison', 'sort-name': 'Madison', 'life-span': {'ended': None}}","{'begin': '1928-10-05', 'ended': None}",,
cf1b776e-8394-4636-8804-98e25c176f64,,,100,The Universe,,,,{'ended': None},,
b8113131-b7ea-4af4-b7ec-d2c18926edd9,Studio,05fa6a09-ff92-3d34-bdbb-5141d3c24f38,100,File Management Is Not Rock and Roll Studios,,,"{'id': '489ce91b-6658-3307-9877-795b68554c98', 'type': 'Country', 'type-id': '06dd0ae4-8c74-30bb-b43d-95dcedf961de', 'name': 'United States', 'sort-name': 'United States', 'life-span': {'ended': None}}",{'ended': None},,
ca9e1cc7-bbca-4c17-90cb-252b73a0a2cb,Studio,05fa6a09-ff92-3d34-bdbb-5141d3c24f38,100,Becker Mastering,,,"{'id': '56e1c305-859d-4fbb-8a7c-6e45e1b8ebf1', 'type': 'City', 'type-id': '6fd8f29a-3d0a-32fc-980d-ea697b69da78', 'name': 'Pasadena', 'sort-name': 'Pasadena', 'life-span': {'ended': None}}",{'ended': None},,"[{'sort-name': 'Bernie Becker Mastering', 'type-id': 'fb68f9a2-622c-319b-83b0-bbff4127cdc5', 'name': 'Bernie Becker Mastering', 'locale': None, 'type': 'Place name', 'primary': None, 'begin-date': None, 'end-date': None}]"
3c16dea3-2773-4f35-b8c7-eeff45256929,Venue,cd92781a-a73f-30e8-a430-55d7521338db,100,Horsens Ny Teater,"Teatertorvet, DK-8700 Horsens","{'latitude': '55.862868', 'longitude': '9.847638'}","{'id': 'cfe4b9df-6043-4f56-88e4-285b82f1e4ce', 'type': 'City', 'type-id': '6fd8f29a-3d0a-32fc-980d-ea697b69da78', 'name': 'Horsens', 'sort-name': 'Horsens', 'life-span': {'ended': None}}","{'begin': '1991-11-30', 'ended': None}",,
f928e63b-8a06-4360-82e2-4afb84f4e975,Studio,05fa6a09-ff92-3d34-bdbb-5141d3c24f38,100,Hanssonic Studios,,,"{'id': '1127ddc2-eab3-4662-8718-6adbdeea3b10', 'type': 'City', 'type-id': '6fd8f29a-3d0a-32fc-980d-ea697b69da78', 'name': 'Stockholm', 'sort-name': 'Stockholm', 'life-span': {'ended': None}}",{'ended': None},,
437156a9-acba-4dae-8635-c2b04b835d89,Venue,cd92781a-a73f-30e8-a430-55d7521338db,100,KYOTO MUSE,〒600-8006 京都府京都市下京区四条通柳馬場西入 ミューズ389京都,"{'latitude': '35.003902', 'longitude': '135.763681'}","{'id': '2961d6e4-03ec-4e35-8190-f25ef66fa90c', 'type': 'District', 'type-id': '84039871-5e47-38ca-a66a-45e512c8290f', 'name': 'Shimogyō-ku', 'sort-name': 'Shimogyō-ku', 'life-span': {'ended': None}}",{'ended': None},,"[{'sort-name': 'Kyoto Muse', 'type-id': 'fb68f9a2-622c-319b-83b0-bbff4127cdc5', 'name': 'キョウトミューズ', 'locale': 'ja', 'type': 'Place name', 'primary': True, 'begin-date': None, 'end-date': None}]"
ddf74d4b-21de-46ef-af97-aff2d1ff17b6,Religious building,a120ca4a-69e9-3c0e-bc09-21cae26eb621,100,Karunan kirkko,"Karunankirkkotie 73, FI-21590 Karuna, Finland","{'latitude': '60.268889', 'longitude': '22.544722'}","{'id': '34492106-bc6f-4ce0-853d-437f6af4905c', 'type': 'Municipality', 'type-id': '17246454-5ac4-36a1-b81a-4753eb2dab20', 'name': 'Sauvo', 'sort-name': 'Sauvo', 'life-span': {'ended': None}}","{'begin': '1910', 'ended': None}",,
cfda5b34-58cd-4091-80fd-fc651a279f10,Studio,05fa6a09-ff92-3d34-bdbb-5141d3c24f38,100,Solid Studio,"Mlynské nivy 1711/73, 821 05 Bratislava - Ružinov",,"{'id': 'ed091849-62dd-4d10-9d40-50594afb1b15', 'type': 'City', 'type-id': '6fd8f29a-3d0a-32fc-980d-ea697b69da78', 'name': 'Bratislava', 'sort-name': 'Bratislava', 'life-span': {'ended': None}}",{'ended': None},,
c1fa7332-dcb9-46ca-b4bf-e5f9ebca7073,Venue,cd92781a-a73f-30e8-a430-55d7521338db,100,LiveHouse浜松窓枠,〒430-0928 静岡県浜松市中区板屋町100-10,"{'latitude': '34.708448', 'longitude': '137.733635'}","{'id': 'a13d80c4-2c35-416d-8fbe-277c245e625b', 'type': 'District', 'type-id': '84039871-5e47-38ca-a66a-45e512c8290f', 'name': 'Naka-ku', 'sort-name': 'Naka-ku', 'life-span': {'ended': None}}",{'ended': None},,"[{'sort-name': 'ライブハウスはままつまどわく', 'type-id': 'fb68f9a2-622c-319b-83b0-bbff4127cdc5', 'name': 'LiveHouse浜松窓枠', 'locale': 'ja', 'type': 'Place name', 'primary': True, 'begin-date': None, 'end-date': None}]"
e7905b59-a538-404d-b59f-8a162ec804f2,Studio,05fa6a09-ff92-3d34-bdbb-5141d3c24f38,100,Studio Blanc,,,,{'ended': None},,
24212f0e-e17a-482c-811a-366968bf3e5c,Studio,05fa6a09-ff92-3d34-bdbb-5141d3c24f38,100,Sound on Sound Recording Studios,"322 W 45th St, New York, NY 10036-3802","{'latitude': '40.759522', 'longitude': '-73.989586'}","{'id': '74e50e58-5deb-4b99-93a2-decbb365c07f', 'type': 'City', 'type-id': '6fd8f29a-3d0a-32fc-980d-ea697b69da78', 'name': 'New York', 'sort-name': 'New York', 'life-span': {'ended': None}}",{'ended': None},New York,"[{'sort-name': 'Sound on Sound Studios', 'name': 'Sound on Sound Studios', 'locale': None, 'type': None, 'primary': None, 'begin-date': None, 'end-date': None}, {'sort-name': 'Sound & Sound Studio', 'type-id': '0a438b9c-1850-32de-b4bb-7f58f5048ea3', 'name': 'Sound & Sound Studio', 'locale': None, 'type': 'Search hint', 'primary': None, 'begin-date': None, 'end-date': None}, {'sort-name': 'Sound on Sound Recording, Inc.', 'name': 'Sound on Sound Recording, Inc.', 'locale': None, 'type': None, 'primary': None, 'begin-date': None, 'end-date': None}]"
9cf360e7-4520-4cfa-be30-6c70a3f85089,Studio,05fa6a09-ff92-3d34-bdbb-5141d3c24f38,100,Sound Stage Studio,,,"{'id': '96bbe327-f9cd-42e0-a689-eb9febe1693f', 'type': 'City', 'type-id': '6fd8f29a-3d0a-32fc-980d-ea697b69da78', 'name': 'Hollywood', 'sort-name': 'Hollywood', 'life-span': {'ended': None}}",{'ended': None},,
31f169f1-1d61-4b2a-a565-cd80963b42ce,Studio,05fa6a09-ff92-3d34-bdbb-5141d3c24f38,100,Soundtrack Studios,"Lakkapolku 2, FI-06100 Porvoo, Finland","{'latitude': '60.411667', 'longitude': '25.648167'}","{'id': '78989845-e609-4032-9889-e61738c1a0ff', 'type': 'City', 'type-id': '6fd8f29a-3d0a-32fc-980d-ea697b69da78', 'name': 'Porvoo', 'sort-name': 'Porvoo', 'life-span': {'ended': None}}","{'begin': '2010', 'ended': None}",Porvoo,
9dcbf498-0a7e-4e7c-aff4-d19ea808e1c4,Studio,05fa6a09-ff92-3d34-bdbb-5141d3c24f38,100,Studio Dedé Air,〒171-0031 東京都豊島区目白5-8-1,"{'latitude': '35.72322', 'longitude': '139.692386'}","{'id': '5a32cfa6-fd6b-4526-a747-1670088f87b4', 'type': 'District', 'type-id': '84039871-5e47-38ca-a66a-45e512c8290f', 'name': 'Mejiro', 'sort-name': 'Mejiro', 'life-span': {'ended': None}}",{'ended': None},,
910a62ba-c71f-4dd9-a61f-80a15430daf5,Religious building,a120ca4a-69e9-3c0e-bc09-21cae26eb621,100,University of Alberta: Augustana Faith and Life Centre: Chapel,"The University of Alberta Augustana Campus, 4901 46 Ave, Camrose, AB T4V 2R3, Canada","{'latitude': '53.011775', 'longitude': '-112.82321'}","{'id': '11e1b699-4e38-49b0-bb24-5092e0f8f4ad', 'type': 'Subdivision', 'type-id': 'fd3d44c5-80a1-3842-9745-2c4972d35afa', 'name': 'Alberta', 'sort-name': 'Alberta', 'life-span': {'ended': None}}",{'ended': None},,
5be79d2b-cea4-4d49-97bc-b02e271d8c7d,Studio,05fa6a09-ff92-3d34-bdbb-5141d3c24f38,100,Nasoundra Palace Studio,〒155-0033 東京都世田谷区代田2丁目1番4号,"{'latitude': '35.654796', 'longitude': '139.664429'}","{'id': '3bdf0bf9-d910-4587-9f25-23b577c6ea25', 'type': 'District', 'type-id': '84039871-5e47-38ca-a66a-45e512c8290f', 'name': 'Daita', 'sort-name': 'Daita', 'life-span': {'ended': None}}",{'ended': None},,
e0be50db-1210-4e36-a53b-5a5ea9522b65,Studio,05fa6a09-ff92-3d34-bdbb-5141d3c24f38,100,Avalon Studios,,,"{'id': '431a085b-9f4c-4fbb-82de-2ca7ce735da8', 'type': 'District', 'type-id': '84039871-5e47-38ca-a66a-45e512c8290f', 'name': 'Queens', 'sort-name': 'Queens', 'life-span': {'ended': None}}",{'ended': None},,
